                  epoch,         train/box_loss,         train/cls_loss,         train/dfl_loss,   metrics/precision(B),      metrics/recall(B),       metrics/mAP50(B),    metrics/mAP50-95(B),           val/box_loss,           val/cls_loss,           val/dfl_loss,                 lr/pg0,                 lr/pg1,                 lr/pg2
                      1,                 0.8819,                  3.722,                 1.3729,                0.00407,                0.74831,                0.08233,                0.05231,                0.78804,                 4.3515,                 1.2627,             0.00013842,             0.00013842,             0.00013842
                      2,                0.71836,                 3.2758,                  1.275,                0.00703,                 0.7844,                 0.1208,                0.07561,                  0.817,                 4.2143,                 1.2854,             0.00022819,             0.00022819,             0.00022819
                      3,                0.75311,                 2.8795,                 1.2593,                0.94129,                0.07659,                0.29471,                0.19471,                 1.0338,                 3.8427,                 1.4392,             0.00026011,             0.00026011,             0.00026011
                      4,                0.76024,                 2.6609,                 1.2794,                0.68954,                0.16899,                0.29768,                0.20074,                0.84654,                 3.5713,                 1.2998,             0.00023416,             0.00023416,             0.00023416
                      5,                0.71965,                 2.5111,                 1.2478,                0.51489,                0.35495,                0.39892,                0.30151,                0.76525,                  3.022,                 1.2176,             0.00015035,             0.00015035,             0.00015035
